event_date,event_type,event_label,event_value,event_change,ticker,return_T1,return_T5,return_T20
2024-04-15,Yield Curve,Yield Curve Inversion End,-0.3,,XLE,-0.872,0.378,-1.733
2024-04-15,Yield Curve,Yield Curve Inversion End,-0.3,,XLF,-0.677,2.534,4.516
2024-04-15,Yield Curve,Yield Curve Inversion End,-0.3,,XLK,0.119,-3.608,2.476
2024-04-15,Yield Curve,Yield Curve Inversion End,-0.3,,XLV,0.036,0.613,3.477
2024-04-15,Yield Curve,Yield Curve Inversion End,-0.3,,XLI,-0.229,-0.525,2.565
2024-04-15,Yield Curve,Yield Curve Inversion End,-0.3,,XLB,-0.771,-0.492,2.559
2024-04-15,Yield Curve,Yield Curve Inversion End,-0.3,,XLU,-1.321,3.804,12.042
2024-04-15,Yield Curve,Yield Curve Inversion End,-0.3,,XLP,0.041,2.832,5.911
2024-04-15,Yield Curve,Yield Curve Inversion End,-0.3,,XLY,-0.568,-2.096,2.13
2024-04-15,Yield Curve,Yield Curve Inversion End,-0.3,,SPY,-0.182,-0.938,3.263
2024-05-31,Jobs Report,Payrolls +78K,78.0,78.0,XLE,-2.618,-3.444,-1.36
2024-05-31,Jobs Report,Payrolls +78K,78.0,78.0,XLF,-0.624,-0.384,-0.665
2024-05-31,Jobs Report,Payrolls +78K,78.0,78.0,XLK,0.252,2.589,8.65
2024-05-31,Jobs Report,Payrolls +78K,78.0,78.0,XLV,0.703,1.9,1.251
2024-05-31,Jobs Report,Payrolls +78K,78.0,78.0,XLI,-1.223,-0.955,-2.053
2024-05-31,Jobs Report,Payrolls +78K,78.0,78.0,XLB,-0.59,-1.901,-4.551
2024-05-31,Jobs Report,Payrolls +78K,78.0,78.0,XLU,-1.141,-3.823,-6.194
2024-05-31,Jobs Report,Payrolls +78K,78.0,78.0,XLP,-0.039,0.414,-0.939
2024-05-31,Jobs Report,Payrolls +78K,78.0,78.0,XLY,-0.045,0.96,4.23
2024-05-31,Jobs Report,Payrolls +78K,78.0,78.0,SPY,0.082,1.259,3.741
2024-06-30,Jobs Report,Payrolls +87K,87.0,87.0,XLE,-0.077,-2.675,1.776
2024-06-30,Jobs Report,Payrolls +87K,87.0,87.0,XLF,1.165,1.335,6.432
2024-06-30,Jobs Report,Payrolls +87K,87.0,87.0,XLK,0.5,2.781,-7.91
2024-06-30,Jobs Report,Payrolls +87K,87.0,87.0,XLV,-0.366,0.014,3.622
2024-06-30,Jobs Report,Payrolls +87K,87.0,87.0,XLI,0.547,0.232,4.886
2024-06-30,Jobs Report,Payrolls +87K,87.0,87.0,XLB,0.184,0.357,4.876
2024-06-30,Jobs Report,Payrolls +87K,87.0,87.0,XLU,0.517,1.699,6.192
2024-06-30,Jobs Report,Payrolls +87K,87.0,87.0,XLP,0.697,1.341,2.564
2024-06-30,Jobs Report,Payrolls +87K,87.0,87.0,XLY,1.945,3.825,0.88
2024-06-30,Jobs Report,Payrolls +87K,87.0,87.0,SPY,0.673,1.922,-0.612
2024-07-31,Jobs Report,Payrolls +53K,53.0,53.0,XLE,-2.65,-6.308,-3.691
2024-07-31,Jobs Report,Payrolls +53K,53.0,53.0,XLF,-1.417,-5.007,2.675
2024-07-31,Jobs Report,Payrolls +53K,53.0,53.0,XLK,-3.729,-9.808,0.283
2024-07-31,Jobs Report,Payrolls +53K,53.0,53.0,XLV,1.022,-2.419,4.117
2024-07-31,Jobs Report,Payrolls +53K,53.0,53.0,XLI,-1.854,-5.005,1.017
2024-07-31,Jobs Report,Payrolls +53K,53.0,53.0,XLB,-0.402,-5.275,0.662
2024-07-31,Jobs Report,Payrolls +53K,53.0,53.0,XLU,1.8,0.673,3.462
2024-07-31,Jobs Report,Payrolls +53K,53.0,53.0,XLP,0.925,0.604,5.678
2024-07-31,Jobs Report,Payrolls +53K,53.0,53.0,XLY,-2.453,-9.302,-1.797
2024-07-31,Jobs Report,Payrolls +53K,53.0,53.0,SPY,-1.416,-5.837,1.36
2024-08-27,Yield Curve,Yield Curve Inversion End,0.0,-1.0,XLE,-0.642,-2.844,-2.734
2024-08-27,Yield Curve,Yield Curve Inversion End,0.0,-1.0,XLF,0.246,1.451,0.34
2024-08-27,Yield Curve,Yield Curve Inversion End,0.0,-1.0,XLK,-1.38,-5.762,0.972
2024-08-27,Yield Curve,Yield Curve Inversion End,0.0,-1.0,XLV,0.116,0.655,-1.575
2024-08-27,Yield Curve,Yield Curve Inversion End,0.0,-1.0,XLI,-0.046,-0.418,4.013
2024-08-27,Yield Curve,Yield Curve Inversion End,0.0,-1.0,XLB,-0.429,-1.492,2.571
2024-08-27,Yield Curve,Yield Curve Inversion End,0.0,-1.0,XLU,0.0,2.018,7.188
2024-08-27,Yield Curve,Yield Curve Inversion End,0.0,-1.0,XLP,-0.424,1.041,0.604
2024-08-27,Yield Curve,Yield Curve Inversion End,0.0,-1.0,XLY,-0.968,-0.479,7.628
2024-08-27,Yield Curve,Yield Curve Inversion End,0.0,-1.0,SPY,-0.581,-1.889,1.821
2024-08-31,Jobs Report,Payrolls +9K,9.0,9.0,XLE,-1.382,-4.348,1.721
2024-08-31,Jobs Report,Payrolls +9K,9.0,9.0,XLF,0.11,-2.004,-0.345
2024-08-31,Jobs Report,Payrolls +9K,9.0,9.0,XLK,-0.257,0.071,4.969
2024-08-31,Jobs Report,Payrolls +9K,9.0,9.0,XLV,-0.172,-0.739,-1.988
2024-08-31,Jobs Report,Payrolls +9K,9.0,9.0,XLI,0.101,-0.397,5.756
2024-08-31,Jobs Report,Payrolls +9K,9.0,9.0,XLB,-0.412,-1.454,4.807
2024-08-31,Jobs Report,Payrolls +9K,9.0,9.0,XLU,0.853,1.129,7.616
2024-08-31,Jobs Report,Payrolls +9K,9.0,9.0,XLP,0.469,0.626,0.084
2024-08-31,Jobs Report,Payrolls +9K,9.0,9.0,XLY,0.26,1.425,8.356
2024-08-31,Jobs Report,Payrolls +9K,9.0,9.0,SPY,-0.205,-0.596,3.312
2024-09-03,Yield Curve,Yield Curve Inversion Start,-0.04,1.0,XLE,-1.382,-4.348,1.721
2024-09-03,Yield Curve,Yield Curve Inversion Start,-0.04,1.0,XLF,0.11,-2.004,-0.345
2024-09-03,Yield Curve,Yield Curve Inversion Start,-0.04,1.0,XLK,-0.257,0.071,4.969
2024-09-03,Yield Curve,Yield Curve Inversion Start,-0.04,1.0,XLV,-0.172,-0.739,-1.988
2024-09-03,Yield Curve,Yield Curve Inversion Start,-0.04,1.0,XLI,0.101,-0.397,5.756
2024-09-03,Yield Curve,Yield Curve Inversion Start,-0.04,1.0,XLB,-0.412,-1.454,4.807
2024-09-03,Yield Curve,Yield Curve Inversion Start,-0.04,1.0,XLU,0.853,1.129,7.616
2024-09-03,Yield Curve,Yield Curve Inversion Start,-0.04,1.0,XLP,0.469,0.626,0.084
2024-09-03,Yield Curve,Yield Curve Inversion Start,-0.04,1.0,XLY,0.26,1.425,8.356
2024-09-03,Yield Curve,Yield Curve Inversion Start,-0.04,1.0,SPY,-0.205,-0.596,3.312
2024-09-04,Yield Curve,Yield Curve Inversion End,0.01,-1.0,XLE,-0.775,-3.907,4.203
2024-09-04,Yield Curve,Yield Curve Inversion End,0.01,-1.0,XLF,-1.1,-2.574,-0.344
2024-09-04,Yield Curve,Yield Curve Inversion End,0.01,-1.0,XLK,-0.153,3.754,6.018
2024-09-04,Yield Curve,Yield Curve Inversion End,0.01,-1.0,XLV,-1.373,-0.862,-2.017
2024-09-04,Yield Curve,Yield Curve Inversion End,0.01,-1.0,XLI,-1.166,-0.319,5.455
2024-09-04,Yield Curve,Yield Curve Inversion End,0.01,-1.0,XLB,-0.785,-0.806,4.836
2024-09-04,Yield Curve,Yield Curve Inversion End,0.01,-1.0,XLU,-0.247,0.586,6.758
2024-09-04,Yield Curve,Yield Curve Inversion End,0.01,-1.0,XLP,-0.383,-0.779,-1.227
2024-09-04,Yield Curve,Yield Curve Inversion End,0.01,-1.0,XLY,1.135,2.173,7.16
2024-09-04,Yield Curve,Yield Curve Inversion End,0.01,-1.0,SPY,-0.243,0.63,3.567
2024-09-05,Yield Curve,Yield Curve Inversion Start,-0.02,1.0,XLE,-1.251,-2.285,6.868
2024-09-05,Yield Curve,Yield Curve Inversion Start,-0.02,1.0,XLF,-1.468,-1.268,0.229
2024-09-05,Yield Curve,Yield Curve Inversion Start,-0.02,1.0,XLK,-2.594,4.772,6.621
2024-09-05,Yield Curve,Yield Curve Inversion Start,-0.02,1.0,XLV,-0.343,0.88,-1.55
2024-09-05,Yield Curve,Yield Curve Inversion Start,-0.02,1.0,XLI,-1.014,1.635,6.154
2024-09-05,Yield Curve,Yield Curve Inversion Start,-0.02,1.0,XLB,-1.263,0.901,4.496
2024-09-05,Yield Curve,Yield Curve Inversion Start,-0.02,1.0,XLU,-0.952,1.057,6.983
2024-09-05,Yield Curve,Yield Curve Inversion Start,-0.02,1.0,XLP,-0.204,0.216,-1.838
2024-09-05,Yield Curve,Yield Curve Inversion Start,-0.02,1.0,XLY,-2.528,2.164,4.731
2024-09-05,Yield Curve,Yield Curve Inversion Start,-0.02,1.0,SPY,-1.683,1.725,3.63
2024-09-06,Yield Curve,Yield Curve Inversion End,0.06,-1.0,XLE,0.721,-0.488,9.231
2024-09-06,Yield Curve,Yield Curve Inversion End,0.06,-1.0,XLF,1.49,0.497,3.444
2024-09-06,Yield Curve,Yield Curve Inversion End,0.06,-1.0,XLK,1.638,8.101,10.678
2024-09-06,Yield Curve,Yield Curve Inversion End,0.06,-1.0,XLV,0.702,1.436,-1.133
2024-09-06,Yield Curve,Yield Curve Inversion End,0.06,-1.0,XLI,1.533,3.718,7.991
2024-09-06,Yield Curve,Yield Curve Inversion End,0.06,-1.0,XLB,0.968,3.115,6.346
2024-09-06,Yield Curve,Yield Curve Inversion End,0.06,-1.0,XLU,1.014,3.465,7.84
2024-09-06,Yield Curve,Yield Curve Inversion End,0.06,-1.0,XLP,0.771,1.133,-1.31
2024-09-06,Yield Curve,Yield Curve Inversion End,0.06,-1.0,XLY,1.458,5.526,8.87
2024-09-06,Yield Curve,Yield Curve Inversion End,0.06,-1.0,SPY,1.12,4.007,6.362
2024-09-19,Fed Rate Change,Fed Cut 50bps,4.83,-0.5,XLE,-0.225,-3.152,2.73
2024-09-19,Fed Rate Change,Fed Cut 50bps,4.83,-0.5,XLF,-0.066,-1.109,4.58
2024-09-19,Fed Rate Change,Fed Cut 50bps,4.83,-0.5,XLK,-0.487,1.792,3.078
2024-09-19,Fed Rate Change,Fed Cut 50bps,4.83,-0.5,XLV,-0.41,-1.442,-1.899
2024-09-19,Fed Rate Change,Fed Cut 50bps,4.83,-0.5,XLI,-0.701,0.714,3.863
2024-09-19,Fed Rate Change,Fed Cut 50bps,4.83,-0.5,XLB,-0.707,2.938,3.097
2024-09-19,Fed Rate Change,Fed Cut 50bps,4.83,-0.5,XLU,2.64,2.755,5.142
2024-09-19,Fed Rate Change,Fed Cut 50bps,4.83,-0.5,XLP,0.484,0.799,-0.186
2024-09-19,Fed Rate Change,Fed Cut 50bps,4.83,-0.5,XLY,-0.228,1.935,1.015
2024-09-19,Fed Rate Change,Fed Cut 50bps,4.83,-0.5,SPY,-0.173,0.539,2.304
2024-09-30,Jobs Report,Payrolls +155K,155.0,155.0,XLE,2.278,6.503,1.595
2024-09-30,Jobs Report,Payrolls +155K,155.0,155.0,XLF,-0.53,-0.508,4.17
2024-09-30,Jobs Report,Payrolls +155K,155.0,155.0,XLK,-2.436,-0.895,1.976
2024-09-30,Jobs Report,Payrolls +155K,155.0,155.0,XLV,-0.526,-1.98,-3.383
2024-09-30,Jobs Report,Payrolls +155K,155.0,155.0,XLI,0.052,-0.192,0.266
2024-09-30,Jobs Report,Payrolls +155K,155.0,155.0,XLB,-0.249,-1.546,-1.702
2024-09-30,Jobs Report,Payrolls +155K,155.0,155.0,XLU,0.805,-1.659,0.285
2024-09-30,Jobs Report,Payrolls +155K,155.0,155.0,XLP,-0.337,-2.819,-2.157
2024-09-30,Jobs Report,Payrolls +155K,155.0,155.0,XLY,-0.404,-2.635,0.454
2024-09-30,Jobs Report,Payrolls +155K,155.0,155.0,SPY,-0.896,-1.039,1.232
2024-09-30,GDP Release,GDP 3.3% QoQ,3.3,-0.3,XLE,2.278,6.503,1.595
2024-09-30,GDP Release,GDP 3.3% QoQ,3.3,-0.3,XLF,-0.53,-0.508,4.17
2024-09-30,GDP Release,GDP 3.3% QoQ,3.3,-0.3,XLK,-2.436,-0.895,1.976
2024-09-30,GDP Release,GDP 3.3% QoQ,3.3,-0.3,XLV,-0.526,-1.98,-3.383
2024-09-30,GDP Release,GDP 3.3% QoQ,3.3,-0.3,XLI,0.052,-0.192,0.266
2024-09-30,GDP Release,GDP 3.3% QoQ,3.3,-0.3,XLB,-0.249,-1.546,-1.702
2024-09-30,GDP Release,GDP 3.3% QoQ,3.3,-0.3,XLU,0.805,-1.659,0.285
2024-09-30,GDP Release,GDP 3.3% QoQ,3.3,-0.3,XLP,-0.337,-2.819,-2.157
2024-09-30,GDP Release,GDP 3.3% QoQ,3.3,-0.3,XLY,-0.404,-2.635,0.454
2024-09-30,GDP Release,GDP 3.3% QoQ,3.3,-0.3,SPY,-0.896,-1.039,1.232
2024-10-31,Jobs Report,Payrolls +33K,33.0,33.0,XLE,-0.632,5.125,7.834
2024-10-31,Jobs Report,Payrolls +33K,33.0,33.0,XLF,0.344,4.884,10.456
2024-10-31,Jobs Report,Payrolls +33K,33.0,33.0,XLK,0.751,6.83,5.17
2024-10-31,Jobs Report,Payrolls +33K,33.0,33.0,XLV,0.592,1.525,0.368
2024-10-31,Jobs Report,Payrolls +33K,33.0,33.0,XLI,0.135,5.044,7.592
2024-10-31,Jobs Report,Payrolls +33K,33.0,33.0,XLB,-0.278,2.088,1.488
2024-10-31,Jobs Report,Payrolls +33K,33.0,33.0,XLU,-2.228,-2.778,3.779
2024-10-31,Jobs Report,Payrolls +33K,33.0,33.0,XLP,0.037,-0.337,3.869
2024-10-31,Jobs Report,Payrolls +33K,33.0,33.0,XLY,1.625,7.73,12.906
2024-10-31,Jobs Report,Payrolls +33K,33.0,33.0,SPY,0.422,4.743,5.963
2024-11-08,Fed Rate Change,Fed Cut 25bps,4.58,-0.25,XLE,0.565,1.045,-3.072
2024-11-08,Fed Rate Change,Fed Cut 25bps,4.58,-0.25,XLF,1.423,1.382,1.057
2024-11-08,Fed Rate Change,Fed Cut 25bps,4.58,-0.25,XLK,-0.552,-3.563,0.89
2024-11-08,Fed Rate Change,Fed Cut 25bps,4.58,-0.25,XLV,-0.586,-5.553,-3.649
2024-11-08,Fed Rate Change,Fed Cut 25bps,4.58,-0.25,XLI,0.774,-2.097,-1.935
2024-11-08,Fed Rate Change,Fed Cut 25bps,4.58,-0.25,XLB,-0.434,-3.377,-2.731
2024-11-08,Fed Rate Change,Fed Cut 25bps,4.58,-0.25,XLU,0.278,0.088,-0.619
2024-11-08,Fed Rate Change,Fed Cut 25bps,4.58,-0.25,XLP,-0.346,-1.064,1.769
2024-11-08,Fed Rate Change,Fed Cut 25bps,4.58,-0.25,XLY,2.017,-0.781,7.875
2024-11-08,Fed Rate Change,Fed Cut 25bps,4.58,-0.25,SPY,0.095,-2.08,1.085
2024-11-30,Jobs Report,Payrolls +134K,134.0,134.0,XLE,-0.011,-3.862,-8.613
2024-11-30,Jobs Report,Payrolls +134K,134.0,134.0,XLF,-0.748,-2.203,-4.513
2024-11-30,Jobs Report,Payrolls +134K,134.0,134.0,XLK,0.36,1.407,-1.292
2024-11-30,Jobs Report,Payrolls +134K,134.0,134.0,XLV,-0.224,-1.665,-6.087
2024-11-30,Jobs Report,Payrolls +134K,134.0,134.0,XLI,-0.63,-2.512,-7.351
2024-11-30,Jobs Report,Payrolls +134K,134.0,134.0,XLB,-0.317,-2.988,-10.707
2024-11-30,Jobs Report,Payrolls +134K,134.0,134.0,XLU,-0.863,-3.031,-5.956
2024-11-30,Jobs Report,Payrolls +134K,134.0,134.0,XLP,-0.517,-1.047,-4.708
2024-11-30,Jobs Report,Payrolls +134K,134.0,134.0,XLY,-0.076,3.487,0.239
2024-11-30,Jobs Report,Payrolls +134K,134.0,134.0,SPY,0.046,0.174,-2.581
2024-12-19,Fed Rate Change,Fed Cut 25bps,4.33,-0.25,XLE,0.984,2.34,11.078
2024-12-19,Fed Rate Change,Fed Cut 25bps,4.33,-0.25,XLF,1.485,2.422,5.91
2024-12-19,Fed Rate Change,Fed Cut 25bps,4.33,-0.25,XLK,1.493,2.318,3.998
2024-12-19,Fed Rate Change,Fed Cut 25bps,4.33,-0.25,XLV,1.262,2.421,4.802
2024-12-19,Fed Rate Change,Fed Cut 25bps,4.33,-0.25,XLI,1.172,1.255,6.567
2024-12-19,Fed Rate Change,Fed Cut 25bps,4.33,-0.25,XLB,1.242,1.009,5.528
2024-12-19,Fed Rate Change,Fed Cut 25bps,4.33,-0.25,XLU,1.595,1.968,4.97
2024-12-19,Fed Rate Change,Fed Cut 25bps,4.33,-0.25,XLP,0.351,0.303,-2.327
2024-12-19,Fed Rate Change,Fed Cut 25bps,4.33,-0.25,XLY,0.254,0.808,0.935
2024-12-19,Fed Rate Change,Fed Cut 25bps,4.33,-0.25,SPY,1.201,1.862,3.819
2024-12-31,GDP Release,GDP 1.9% QoQ,1.9,-1.4,XLE,1.167,2.767,2.311
2024-12-31,GDP Release,GDP 1.9% QoQ,1.9,-1.4,XLF,-0.248,0.331,6.497
2024-12-31,GDP Release,GDP 1.9% QoQ,1.9,-1.4,XLK,-0.237,0.585,-0.735
2024-12-31,GDP Release,GDP 1.9% QoQ,1.9,-1.4,XLV,0.029,2.079,6.76
2024-12-31,GDP Release,GDP 1.9% QoQ,1.9,-1.4,XLI,-0.349,0.804,5.002
2024-12-31,GDP Release,GDP 1.9% QoQ,1.9,-1.4,XLB,-1.105,0.024,5.527
2024-12-31,GDP Release,GDP 1.9% QoQ,1.9,-1.4,XLU,0.766,0.423,2.893
2024-12-31,GDP Release,GDP 1.9% QoQ,1.9,-1.4,XLP,-0.305,-1.565,0.471
2024-12-31,GDP Release,GDP 1.9% QoQ,1.9,-1.4,XLY,-1.315,-0.597,3.486
2024-12-31,GDP Release,GDP 1.9% QoQ,1.9,-1.4,SPY,-0.246,0.582,2.686
2024-12-31,Jobs Report,Payrolls +237K,237.0,237.0,XLE,1.167,2.767,2.311
2024-12-31,Jobs Report,Payrolls +237K,237.0,237.0,XLF,-0.248,0.331,6.497
2024-12-31,Jobs Report,Payrolls +237K,237.0,237.0,XLK,-0.237,0.585,-0.735
2024-12-31,Jobs Report,Payrolls +237K,237.0,237.0,XLV,0.029,2.079,6.76
2024-12-31,Jobs Report,Payrolls +237K,237.0,237.0,XLI,-0.349,0.804,5.002
2024-12-31,Jobs Report,Payrolls +237K,237.0,237.0,XLB,-1.105,0.024,5.527
2024-12-31,Jobs Report,Payrolls +237K,237.0,237.0,XLU,0.766,0.423,2.893
2024-12-31,Jobs Report,Payrolls +237K,237.0,237.0,XLP,-0.305,-1.565,0.471
2024-12-31,Jobs Report,Payrolls +237K,237.0,237.0,XLY,-1.315,-0.597,3.486
2024-12-31,Jobs Report,Payrolls +237K,237.0,237.0,SPY,-0.246,0.582,2.686
2025-01-31,Jobs Report,Payrolls -48K,-48.0,-48.0,XLE,0.628,1.05,0.205
2025-01-31,Jobs Report,Payrolls -48K,-48.0,-48.0,XLF,-0.408,0.68,0.525
2025-01-31,Jobs Report,Payrolls -48K,-48.0,-48.0,XLK,-1.347,0.871,-5.26
2025-01-31,Jobs Report,Payrolls -48K,-48.0,-48.0,XLV,0.388,-0.3,1.845
2025-01-31,Jobs Report,Payrolls -48K,-48.0,-48.0,XLI,-0.99,-0.737,-2.862
2025-01-31,Jobs Report,Payrolls -48K,-48.0,-48.0,XLB,0.101,-0.563,-2.039
2025-01-31,Jobs Report,Payrolls -48K,-48.0,-48.0,XLU,0.539,0.334,1.862
2025-01-31,Jobs Report,Payrolls -48K,-48.0,-48.0,XLP,0.392,0.468,5.748
2025-01-31,Jobs Report,Payrolls -48K,-48.0,-48.0,XLY,-1.322,-2.838,-8.696
2025-01-31,Jobs Report,Payrolls -48K,-48.0,-48.0,SPY,-0.673,-0.174,-2.999
2025-02-28,Jobs Report,Payrolls +42K,42.0,42.0,XLE,-3.495,-3.923,2.364
2025-02-28,Jobs Report,Payrolls +42K,42.0,42.0,XLF,-0.843,-5.864,-5.349
2025-02-28,Jobs Report,Payrolls +42K,42.0,42.0,XLK,-3.042,-3.099,-8.33
2025-02-28,Jobs Report,Payrolls +42K,42.0,42.0,XLV,0.436,0.235,-2.586
2025-02-28,Jobs Report,Payrolls +42K,42.0,42.0,XLI,-1.423,-1.526,-4.24
2025-02-28,Jobs Report,Payrolls +42K,42.0,42.0,XLB,-2.005,-1.059,-3.723
2025-02-28,Jobs Report,Payrolls +42K,42.0,42.0,XLU,0.139,-2.436,-0.867
2025-02-28,Jobs Report,Payrolls +42K,42.0,42.0,XLP,0.53,-0.265,-2.701
2025-02-28,Jobs Report,Payrolls +42K,42.0,42.0,XLY,-1.843,-4.765,-8.51
2025-02-28,Jobs Report,Payrolls +42K,42.0,42.0,SPY,-1.752,-3.073,-6.202
2025-03-31,GDP Release,GDP -0.6% QoQ,-0.6,-2.5,XLE,0.589,-16.265,-11.471
2025-03-31,GDP Release,GDP -0.6% QoQ,-0.6,-2.5,XLF,-0.12,-11.484,-2.289
2025-03-31,GDP Release,GDP -0.6% QoQ,-0.6,-2.5,XLK,0.731,-11.149,1.269
2025-03-31,GDP Release,GDP -0.6% QoQ,-0.6,-2.5,XLV,-1.829,-7.904,-4.609
2025-03-31,GDP Release,GDP -0.6% QoQ,-0.6,-2.5,XLI,0.565,-10.437,-0.603
2025-03-31,GDP Release,GDP -0.6% QoQ,-0.6,-2.5,XLB,0.372,-10.875,-2.931
2025-03-31,GDP Release,GDP -0.6% QoQ,-0.6,-2.5,XLU,0.254,-6.925,0.571
2025-03-31,GDP Release,GDP -0.6% QoQ,-0.6,-2.5,XLP,0.147,-5.045,-0.527
2025-03-31,GDP Release,GDP -0.6% QoQ,-0.6,-2.5,XLY,1.043,-8.523,0.815
2025-03-31,GDP Release,GDP -0.6% QoQ,-0.6,-2.5,SPY,0.282,-9.834,-0.906
2025-03-31,Jobs Report,Payrolls +67K,67.0,67.0,XLE,0.589,-16.265,-11.471
2025-03-31,Jobs Report,Payrolls +67K,67.0,67.0,XLF,-0.12,-11.484,-2.289
2025-03-31,Jobs Report,Payrolls +67K,67.0,67.0,XLK,0.731,-11.149,1.269
2025-03-31,Jobs Report,Payrolls +67K,67.0,67.0,XLV,-1.829,-7.904,-4.609
2025-03-31,Jobs Report,Payrolls +67K,67.0,67.0,XLI,0.565,-10.437,-0.603
2025-03-31,Jobs Report,Payrolls +67K,67.0,67.0,XLB,0.372,-10.875,-2.931
2025-03-31,Jobs Report,Payrolls +67K,67.0,67.0,XLU,0.254,-6.925,0.571
2025-03-31,Jobs Report,Payrolls +67K,67.0,67.0,XLP,0.147,-5.045,-0.527
2025-03-31,Jobs Report,Payrolls +67K,67.0,67.0,XLY,1.043,-8.523,0.815
2025-03-31,Jobs Report,Payrolls +67K,67.0,67.0,SPY,0.282,-9.834,-0.906
2025-04-30,CPI Release,CPI 2.3% YoY,2.33,0.162,XLE,0.373,0.062,2.186
2025-04-30,CPI Release,CPI 2.3% YoY,2.33,0.162,XLF,-0.021,1.415,4.286
2025-04-30,CPI Release,CPI 2.3% YoY,2.33,0.162,XLK,1.467,2.781,10.316
2025-04-30,CPI Release,CPI 2.3% YoY,2.33,0.162,XLV,-2.727,-3.638,-5.773
2025-04-30,CPI Release,CPI 2.3% YoY,2.33,0.162,XLI,0.754,2.233,8.772
2025-04-30,CPI Release,CPI 2.3% YoY,2.33,0.162,XLB,-0.441,-0.787,2.909
2025-04-30,CPI Release,CPI 2.3% YoY,2.33,0.162,XLU,0.292,2.345,2.776
2025-04-30,CPI Release,CPI 2.3% YoY,2.33,0.162,XLP,-0.868,-0.428,0.342
2025-04-30,CPI Release,CPI 2.3% YoY,2.33,0.162,XLY,0.553,0.928,8.978
2025-04-30,CPI Release,CPI 2.3% YoY,2.33,0.162,SPY,0.709,1.192,6.404
2025-04-30,Jobs Report,Payrolls +108K,108.0,108.0,XLE,0.373,0.062,2.186
2025-04-30,Jobs Report,Payrolls +108K,108.0,108.0,XLF,-0.021,1.415,4.286
2025-04-30,Jobs Report,Payrolls +108K,108.0,108.0,XLK,1.467,2.781,10.316
2025-04-30,Jobs Report,Payrolls +108K,108.0,108.0,XLV,-2.727,-3.638,-5.773
2025-04-30,Jobs Report,Payrolls +108K,108.0,108.0,XLI,0.754,2.233,8.772
2025-04-30,Jobs Report,Payrolls +108K,108.0,108.0,XLB,-0.441,-0.787,2.909
2025-04-30,Jobs Report,Payrolls +108K,108.0,108.0,XLU,0.292,2.345,2.776
2025-04-30,Jobs Report,Payrolls +108K,108.0,108.0,XLP,-0.868,-0.428,0.342
2025-04-30,Jobs Report,Payrolls +108K,108.0,108.0,XLY,0.553,0.928,8.978
2025-04-30,Jobs Report,Payrolls +108K,108.0,108.0,SPY,0.709,1.192,6.404
2025-05-31,CPI Release,CPI 2.4% YoY,2.38,0.099,XLE,1.186,1.174,4.304
2025-05-31,CPI Release,CPI 2.4% YoY,2.38,0.099,XLF,0.196,0.039,3.649
2025-05-31,CPI Release,CPI 2.4% YoY,2.38,0.099,XLK,1.502,2.825,7.914
2025-05-31,CPI Release,CPI 2.4% YoY,2.38,0.099,XLV,0.234,1.077,3.498
2025-05-31,CPI Release,CPI 2.4% YoY,2.38,0.099,XLI,0.771,1.514,4.081
2025-05-31,CPI Release,CPI 2.4% YoY,2.38,0.099,XLB,1.025,1.75,4.247
2025-05-31,CPI Release,CPI 2.4% YoY,2.38,0.099,XLU,0.268,-1.837,0.4
2025-05-31,CPI Release,CPI 2.4% YoY,2.38,0.099,XLP,-0.097,-1.569,-0.407
2025-05-31,CPI Release,CPI 2.4% YoY,2.38,0.099,XLY,0.532,-0.201,2.064
2025-05-31,CPI Release,CPI 2.4% YoY,2.38,0.099,SPY,0.57,1.176,4.516
2025-05-31,Jobs Report,Payrolls +13K,13.0,13.0,XLE,1.186,1.174,4.304
2025-05-31,Jobs Report,Payrolls +13K,13.0,13.0,XLF,0.196,0.039,3.649
2025-05-31,Jobs Report,Payrolls +13K,13.0,13.0,XLK,1.502,2.825,7.914
2025-05-31,Jobs Report,Payrolls +13K,13.0,13.0,XLV,0.234,1.077,3.498
2025-05-31,Jobs Report,Payrolls +13K,13.0,13.0,XLI,0.771,1.514,4.081
2025-05-31,Jobs Report,Payrolls +13K,13.0,13.0,XLB,1.025,1.75,4.247
2025-05-31,Jobs Report,Payrolls +13K,13.0,13.0,XLU,0.268,-1.837,0.4
2025-05-31,Jobs Report,Payrolls +13K,13.0,13.0,XLP,-0.097,-1.569,-0.407
2025-05-31,Jobs Report,Payrolls +13K,13.0,13.0,XLY,0.532,-0.201,2.064
2025-05-31,Jobs Report,Payrolls +13K,13.0,13.0,SPY,0.57,1.176,4.516
2025-06-30,CPI Release,CPI 2.7% YoY,2.68,0.254,XLE,0.766,4.363,4.882
2025-06-30,CPI Release,CPI 2.7% YoY,2.68,0.254,XLF,0.554,-0.306,0.821
2025-06-30,CPI Release,CPI 2.7% YoY,2.68,0.254,XLK,-0.892,1.208,4.289
2025-06-30,CPI Release,CPI 2.7% YoY,2.68,0.254,XLV,1.424,0.134,-0.267
2025-06-30,CPI Release,CPI 2.7% YoY,2.68,0.254,XLI,0.332,0.908,3.545
2025-06-30,CPI Release,CPI 2.7% YoY,2.68,0.254,XLB,2.585,3.895,3.268
2025-06-30,CPI Release,CPI 2.7% YoY,2.68,0.254,XLU,0.343,-0.637,3.576
2025-06-30,CPI Release,CPI 2.7% YoY,2.68,0.254,XLP,1.247,0.469,0.272
2025-06-30,CPI Release,CPI 2.7% YoY,2.68,0.254,XLY,0.428,0.152,3.354
2025-06-30,CPI Release,CPI 2.7% YoY,2.68,0.254,SPY,-0.032,0.403,2.818
2025-06-30,GDP Release,GDP 3.8% QoQ,3.8,4.4,XLE,0.766,4.363,4.882
2025-06-30,GDP Release,GDP 3.8% QoQ,3.8,4.4,XLF,0.554,-0.306,0.821
2025-06-30,GDP Release,GDP 3.8% QoQ,3.8,4.4,XLK,-0.892,1.208,4.289
2025-06-30,GDP Release,GDP 3.8% QoQ,3.8,4.4,XLV,1.424,0.134,-0.267
2025-06-30,GDP Release,GDP 3.8% QoQ,3.8,4.4,XLI,0.332,0.908,3.545
2025-06-30,GDP Release,GDP 3.8% QoQ,3.8,4.4,XLB,2.585,3.895,3.268
2025-06-30,GDP Release,GDP 3.8% QoQ,3.8,4.4,XLU,0.343,-0.637,3.576
2025-06-30,GDP Release,GDP 3.8% QoQ,3.8,4.4,XLP,1.247,0.469,0.272
2025-06-30,GDP Release,GDP 3.8% QoQ,3.8,4.4,XLY,0.428,0.152,3.354
2025-06-30,GDP Release,GDP 3.8% QoQ,3.8,4.4,SPY,-0.032,0.403,2.818
2025-06-30,Jobs Report,Payrolls -20K,-20.0,-20.0,XLE,0.766,4.363,4.882
2025-06-30,Jobs Report,Payrolls -20K,-20.0,-20.0,XLF,0.554,-0.306,0.821
2025-06-30,Jobs Report,Payrolls -20K,-20.0,-20.0,XLK,-0.892,1.208,4.289
2025-06-30,Jobs Report,Payrolls -20K,-20.0,-20.0,XLV,1.424,0.134,-0.267
2025-06-30,Jobs Report,Payrolls -20K,-20.0,-20.0,XLI,0.332,0.908,3.545
2025-06-30,Jobs Report,Payrolls -20K,-20.0,-20.0,XLB,2.585,3.895,3.268
2025-06-30,Jobs Report,Payrolls -20K,-20.0,-20.0,XLU,0.343,-0.637,3.576
2025-06-30,Jobs Report,Payrolls -20K,-20.0,-20.0,XLP,1.247,0.469,0.272
2025-06-30,Jobs Report,Payrolls -20K,-20.0,-20.0,XLY,0.428,0.152,3.354
2025-06-30,Jobs Report,Payrolls -20K,-20.0,-20.0,SPY,-0.032,0.403,2.818
2025-07-31,Jobs Report,Payrolls +64K,64.0,64.0,XLE,-1.858,-3.234,3.085
2025-07-31,Jobs Report,Payrolls +64K,64.0,64.0,XLF,-1.852,-1.909,2.826
2025-07-31,Jobs Report,Payrolls +64K,64.0,64.0,XLK,-2.158,0.209,1.446
2025-07-31,Jobs Report,Payrolls +64K,64.0,64.0,XLV,0.537,-1.089,4.6
2025-07-31,Jobs Report,Payrolls +64K,64.0,64.0,XLI,-1.493,-0.855,0.928
2025-07-31,Jobs Report,Payrolls +64K,64.0,64.0,XLB,-1.151,0.205,5.038
2025-07-31,Jobs Report,Payrolls +64K,64.0,64.0,XLU,0.152,1.027,-1.214
2025-07-31,Jobs Report,Payrolls +64K,64.0,64.0,XLP,0.476,3.083,0.602
2025-07-31,Jobs Report,Payrolls +64K,64.0,64.0,XLY,-2.412,0.885,5.744
2025-07-31,Jobs Report,Payrolls +64K,64.0,64.0,SPY,-1.639,0.027,2.664
2025-07-31,CPI Release,CPI 2.7% YoY,2.74,0.228,XLE,-1.858,-3.234,3.085
2025-07-31,CPI Release,CPI 2.7% YoY,2.74,0.228,XLF,-1.852,-1.909,2.826
2025-07-31,CPI Release,CPI 2.7% YoY,2.74,0.228,XLK,-2.158,0.209,1.446
2025-07-31,CPI Release,CPI 2.7% YoY,2.74,0.228,XLV,0.537,-1.089,4.6
2025-07-31,CPI Release,CPI 2.7% YoY,2.74,0.228,XLI,-1.493,-0.855,0.928
2025-07-31,CPI Release,CPI 2.7% YoY,2.74,0.228,XLB,-1.151,0.205,5.038
2025-07-31,CPI Release,CPI 2.7% YoY,2.74,0.228,XLU,0.152,1.027,-1.214
2025-07-31,CPI Release,CPI 2.7% YoY,2.74,0.228,XLP,0.476,3.083,0.602
2025-07-31,CPI Release,CPI 2.7% YoY,2.74,0.228,XLY,-2.412,0.885,5.744
2025-07-31,CPI Release,CPI 2.7% YoY,2.74,0.228,SPY,-1.639,0.027,2.664
2025-08-31,Jobs Report,Payrolls -70K,-70.0,-70.0,XLE,-2.243,-3.248,-0.461
2025-08-31,Jobs Report,Payrolls -70K,-70.0,-70.0,XLF,-0.168,-0.467,0.853
2025-08-31,Jobs Report,Payrolls -70K,-70.0,-70.0,XLK,0.597,2.132,8.631
2025-08-31,Jobs Report,Payrolls -70K,-70.0,-70.0,XLV,-0.473,0.749,1.633
2025-08-31,Jobs Report,Payrolls -70K,-70.0,-70.0,XLI,-0.505,-0.206,2.861
2025-08-31,Jobs Report,Payrolls -70K,-70.0,-70.0,XLB,-0.677,-1.146,-1.687
2025-08-31,Jobs Report,Payrolls -70K,-70.0,-70.0,XLU,-0.25,-1.011,4.471
2025-08-31,Jobs Report,Payrolls -70K,-70.0,-70.0,XLP,-0.074,0.099,-2.16
2025-08-31,Jobs Report,Payrolls -70K,-70.0,-70.0,XLY,0.404,2.469,4.371
2025-08-31,Jobs Report,Payrolls -70K,-70.0,-70.0,SPY,0.542,1.571,4.335
2025-08-31,CPI Release,CPI 2.9% YoY,2.94,0.348,XLE,-2.243,-3.248,-0.461
2025-08-31,CPI Release,CPI 2.9% YoY,2.94,0.348,XLF,-0.168,-0.467,0.853
2025-08-31,CPI Release,CPI 2.9% YoY,2.94,0.348,XLK,0.597,2.132,8.631
2025-08-31,CPI Release,CPI 2.9% YoY,2.94,0.348,XLV,-0.473,0.749,1.633
2025-08-31,CPI Release,CPI 2.9% YoY,2.94,0.348,XLI,-0.505,-0.206,2.861
2025-08-31,CPI Release,CPI 2.9% YoY,2.94,0.348,XLB,-0.677,-1.146,-1.687
2025-08-31,CPI Release,CPI 2.9% YoY,2.94,0.348,XLU,-0.25,-1.011,4.471
2025-08-31,CPI Release,CPI 2.9% YoY,2.94,0.348,XLP,-0.074,0.099,-2.16
2025-08-31,CPI Release,CPI 2.9% YoY,2.94,0.348,XLY,0.404,2.469,4.371
2025-08-31,CPI Release,CPI 2.9% YoY,2.94,0.348,SPY,0.542,1.571,4.335
2025-09-18,Fed Rate Change,Fed Cut 25bps,4.08,-0.25,XLE,-1.327,2.472,-4.127
2025-09-18,Fed Rate Change,Fed Cut 25bps,4.08,-0.25,XLF,0.222,-0.894,-4.064
2025-09-18,Fed Rate Change,Fed Cut 25bps,4.08,-0.25,XLK,1.014,0.81,3.171
2025-09-18,Fed Rate Change,Fed Cut 25bps,4.08,-0.25,XLV,-0.131,-1.983,4.002
2025-09-18,Fed Rate Change,Fed Cut 25bps,4.08,-0.25,XLI,0.242,-0.593,-0.343
2025-09-18,Fed Rate Change,Fed Cut 25bps,4.08,-0.25,XLB,-0.044,-2.898,-2.644
2025-09-18,Fed Rate Change,Fed Cut 25bps,4.08,-0.25,XLU,0.64,1.878,9.594
2025-09-18,Fed Rate Change,Fed Cut 25bps,4.08,-0.25,XLP,-0.201,-1.554,-0.402
2025-09-18,Fed Rate Change,Fed Cut 25bps,4.08,-0.25,XLY,0.378,-1.598,-3.181
2025-09-18,Fed Rate Change,Fed Cut 25bps,4.08,-0.25,SPY,0.495,-0.36,0.032
2025-09-30,CPI Release,CPI 3.0% YoY,3.02,0.295,XLE,0.0,0.168,-2.216
2025-09-30,CPI Release,CPI 3.0% YoY,3.02,0.295,XLF,-0.891,-0.186,-1.634
2025-09-30,CPI Release,CPI 3.0% YoY,3.02,0.295,XLK,0.979,1.355,7.131
2025-09-30,CPI Release,CPI 3.0% YoY,3.02,0.295,XLV,3.09,3.636,4.512
2025-09-30,CPI Release,CPI 3.0% YoY,3.02,0.295,XLI,-0.279,0.013,0.292
2025-09-30,CPI Release,CPI 3.0% YoY,3.02,0.295,XLB,-1.049,-0.223,-0.591
2025-09-30,CPI Release,CPI 3.0% YoY,3.02,0.295,XLU,0.963,3.406,3.348
2025-09-30,CPI Release,CPI 3.0% YoY,3.02,0.295,XLP,-0.153,-0.242,0.077
2025-09-30,CPI Release,CPI 3.0% YoY,3.02,0.295,XLY,0.626,-1.644,0.626
2025-09-30,CPI Release,CPI 3.0% YoY,3.02,0.295,SPY,0.341,0.441,3.134
2025-09-30,GDP Release,GDP 4.4% QoQ,4.4,0.6,XLE,0.0,0.168,-2.216
2025-09-30,GDP Release,GDP 4.4% QoQ,4.4,0.6,XLF,-0.891,-0.186,-1.634
2025-09-30,GDP Release,GDP 4.4% QoQ,4.4,0.6,XLK,0.979,1.355,7.131
2025-09-30,GDP Release,GDP 4.4% QoQ,4.4,0.6,XLV,3.09,3.636,4.512
2025-09-30,GDP Release,GDP 4.4% QoQ,4.4,0.6,XLI,-0.279,0.013,0.292
2025-09-30,GDP Release,GDP 4.4% QoQ,4.4,0.6,XLB,-1.049,-0.223,-0.591
2025-09-30,GDP Release,GDP 4.4% QoQ,4.4,0.6,XLU,0.963,3.406,3.348
2025-09-30,GDP Release,GDP 4.4% QoQ,4.4,0.6,XLP,-0.153,-0.242,0.077
2025-09-30,GDP Release,GDP 4.4% QoQ,4.4,0.6,XLY,0.626,-1.644,0.626
2025-09-30,GDP Release,GDP 4.4% QoQ,4.4,0.6,SPY,0.341,0.441,3.134
2025-09-30,Jobs Report,Payrolls +76K,76.0,76.0,XLE,0.0,0.168,-2.216
2025-09-30,Jobs Report,Payrolls +76K,76.0,76.0,XLF,-0.891,-0.186,-1.634
2025-09-30,Jobs Report,Payrolls +76K,76.0,76.0,XLK,0.979,1.355,7.131
2025-09-30,Jobs Report,Payrolls +76K,76.0,76.0,XLV,3.09,3.636,4.512
2025-09-30,Jobs Report,Payrolls +76K,76.0,76.0,XLI,-0.279,0.013,0.292
2025-09-30,Jobs Report,Payrolls +76K,76.0,76.0,XLB,-1.049,-0.223,-0.591
2025-09-30,Jobs Report,Payrolls +76K,76.0,76.0,XLU,0.963,3.406,3.348
2025-09-30,Jobs Report,Payrolls +76K,76.0,76.0,XLP,-0.153,-0.242,0.077
2025-09-30,Jobs Report,Payrolls +76K,76.0,76.0,XLY,0.626,-1.644,0.626
2025-09-30,Jobs Report,Payrolls +76K,76.0,76.0,SPY,0.341,0.441,3.134
2025-10-30,Fed Rate Change,Fed Cut 25bps,3.87,-0.25,XLE,0.732,0.892,3.383
2025-10-30,Fed Rate Change,Fed Cut 25bps,3.87,-0.25,XLF,0.268,0.345,2.106
2025-10-30,Fed Rate Change,Fed Cut 25bps,3.87,-0.25,XLK,0.097,-3.738,-4.717
2025-10-30,Fed Rate Change,Fed Cut 25bps,3.87,-0.25,XLV,-0.035,1.137,9.252
2025-10-30,Fed Rate Change,Fed Cut 25bps,3.87,-0.25,XLI,0.239,-1.358,-0.646
2025-10-30,Fed Rate Change,Fed Cut 25bps,3.87,-0.25,XLB,-0.58,-1.59,3.748
2025-10-30,Fed Rate Change,Fed Cut 25bps,3.87,-0.25,XLU,-0.691,-1.404,1.014
2025-10-30,Fed Rate Change,Fed Cut 25bps,3.87,-0.25,XLP,-0.288,-1.176,3.752
2025-10-30,Fed Rate Change,Fed Cut 25bps,3.87,-0.25,XLY,2.644,0.744,1.159
2025-10-30,Fed Rate Change,Fed Cut 25bps,3.87,-0.25,SPY,0.328,-1.4,0.524
2025-10-31,CPI Release,CPI 2.7% YoY,2.73,0.0,XLE,0.011,1.6,3.62
2025-10-31,CPI Release,CPI 2.7% YoY,2.73,0.0,XLF,-0.42,0.783,0.993
2025-10-31,CPI Release,CPI 2.7% YoY,2.73,0.0,XLK,0.409,-4.164,-4.766
2025-10-31,CPI Release,CPI 2.7% YoY,2.73,0.0,XLV,0.139,1.31,7.653
2025-10-31,CPI Release,CPI 2.7% YoY,2.73,0.0,XLI,-0.426,-1.116,-2.335
2025-10-31,CPI Release,CPI 2.7% YoY,2.73,0.0,XLB,-0.619,0.175,4.097
2025-10-31,CPI Release,CPI 2.7% YoY,2.73,0.0,XLU,0.056,0.662,-0.662
2025-10-31,CPI Release,CPI 2.7% YoY,2.73,0.0,XLP,-0.787,0.564,3.946
2025-10-31,CPI Release,CPI 2.7% YoY,2.73,0.0,XLY,0.938,-1.696,-1.388
2025-10-31,CPI Release,CPI 2.7% YoY,2.73,0.0,SPY,0.188,-1.626,-0.262
2025-10-31,Jobs Report,Payrolls -140K,-140.0,-140.0,XLE,0.011,1.6,3.62
2025-10-31,Jobs Report,Payrolls -140K,-140.0,-140.0,XLF,-0.42,0.783,0.993
2025-10-31,Jobs Report,Payrolls -140K,-140.0,-140.0,XLK,0.409,-4.164,-4.766
2025-10-31,Jobs Report,Payrolls -140K,-140.0,-140.0,XLV,0.139,1.31,7.653
2025-10-31,Jobs Report,Payrolls -140K,-140.0,-140.0,XLI,-0.426,-1.116,-2.335
2025-10-31,Jobs Report,Payrolls -140K,-140.0,-140.0,XLB,-0.619,0.175,4.097
2025-10-31,Jobs Report,Payrolls -140K,-140.0,-140.0,XLU,0.056,0.662,-0.662
2025-10-31,Jobs Report,Payrolls -140K,-140.0,-140.0,XLP,-0.787,0.564,3.946
2025-10-31,Jobs Report,Payrolls -140K,-140.0,-140.0,XLY,0.938,-1.696,-1.388
2025-10-31,Jobs Report,Payrolls -140K,-140.0,-140.0,SPY,0.188,-1.626,-0.262
2025-11-30,CPI Release,CPI 2.7% YoY,2.7,0.252,XLE,-1.292,-0.526,-0.694
2025-11-30,CPI Release,CPI 2.7% YoY,2.7,0.252,XLF,-0.095,1.116,4.694
2025-11-30,CPI Release,CPI 2.7% YoY,2.7,0.252,XLK,1.03,3.112,1.715
2025-11-30,CPI Release,CPI 2.7% YoY,2.7,0.252,XLV,-0.599,-2.486,0.678
2025-11-30,CPI Release,CPI 2.7% YoY,2.7,0.252,XLI,0.872,1.948,3.642
2025-11-30,CPI Release,CPI 2.7% YoY,2.7,0.252,XLB,-0.908,-2.489,3.086
2025-11-30,CPI Release,CPI 2.7% YoY,2.7,0.252,XLU,-0.712,-3.469,-2.199
2025-11-30,CPI Release,CPI 2.7% YoY,2.7,0.252,XLP,-0.656,-1.867,-0.647
2025-11-30,CPI Release,CPI 2.7% YoY,2.7,0.252,XLY,-0.068,-0.262,1.943
2025-11-30,CPI Release,CPI 2.7% YoY,2.7,0.252,SPY,0.185,0.494,1.289
2025-11-30,Jobs Report,Payrolls +41K,41.0,41.0,XLE,-1.292,-0.526,-0.694
2025-11-30,Jobs Report,Payrolls +41K,41.0,41.0,XLF,-0.095,1.116,4.694
2025-11-30,Jobs Report,Payrolls +41K,41.0,41.0,XLK,1.03,3.112,1.715
2025-11-30,Jobs Report,Payrolls +41K,41.0,41.0,XLV,-0.599,-2.486,0.678
2025-11-30,Jobs Report,Payrolls +41K,41.0,41.0,XLI,0.872,1.948,3.642
2025-11-30,Jobs Report,Payrolls +41K,41.0,41.0,XLB,-0.908,-2.489,3.086
2025-11-30,Jobs Report,Payrolls +41K,41.0,41.0,XLU,-0.712,-3.469,-2.199
2025-11-30,Jobs Report,Payrolls +41K,41.0,41.0,XLP,-0.656,-1.867,-0.647
2025-11-30,Jobs Report,Payrolls +41K,41.0,41.0,XLY,-0.068,-0.262,1.943
2025-11-30,Jobs Report,Payrolls +41K,41.0,41.0,SPY,0.185,0.494,1.289
2025-12-11,Fed Rate Change,Fed Cut 25bps,3.64,-0.25,XLE,-0.979,-3.982,1.686
2025-12-11,Fed Rate Change,Fed Cut 25bps,3.64,-0.25,XLF,0.146,-0.601,1.118
2025-12-11,Fed Rate Change,Fed Cut 25bps,3.64,-0.25,XLK,-2.892,-4.345,-0.647
2025-12-11,Fed Rate Change,Fed Cut 25bps,3.64,-0.25,XLV,0.313,0.215,2.911
2025-12-11,Fed Rate Change,Fed Cut 25bps,3.64,-0.25,XLI,-0.628,-2.029,3.803
2025-12-11,Fed Rate Change,Fed Cut 25bps,3.64,-0.25,XLB,0.066,0.111,8.091
2025-12-11,Fed Rate Change,Fed Cut 25bps,3.64,-0.25,XLU,-0.488,0.325,-0.328
2025-12-11,Fed Rate Change,Fed Cut 25bps,3.64,-0.25,XLP,0.787,0.495,2.568
2025-12-11,Fed Rate Change,Fed Cut 25bps,3.64,-0.25,XLY,0.433,1.797,3.817
2025-12-11,Fed Rate Change,Fed Cut 25bps,3.64,-0.25,SPY,-1.075,-1.843,1.167
2025-12-31,CPI Release,CPI 2.7% YoY,2.65,0.298,XLE,2.102,4.115,14.18
2025-12-31,CPI Release,CPI 2.7% YoY,2.65,0.298,XLF,0.292,2.063,-2.428
2025-12-31,CPI Release,CPI 2.7% YoY,2.65,0.298,XLK,0.229,0.188,-0.063
2025-12-31,CPI Release,CPI 2.7% YoY,2.65,0.298,XLV,0.459,2.145,-0.039
2025-12-31,CPI Release,CPI 2.7% YoY,2.65,0.298,XLI,1.844,3.256,6.653
2025-12-31,CPI Release,CPI 2.7% YoY,2.65,0.298,XLB,1.698,4.741,8.644
2025-12-31,CPI Release,CPI 2.7% YoY,2.65,0.298,XLU,1.148,-1.64,1.312
2025-12-31,CPI Release,CPI 2.7% YoY,2.65,0.298,XLP,0.013,0.978,7.505
2025-12-31,CPI Release,CPI 2.7% YoY,2.65,0.298,XLY,-0.888,2.939,1.474
2025-12-31,CPI Release,CPI 2.7% YoY,2.65,0.298,SPY,0.183,1.113,1.474
2025-12-31,GDP Release,GDP 0.5% QoQ,0.5,-3.9,XLE,2.102,4.115,14.18
2025-12-31,GDP Release,GDP 0.5% QoQ,0.5,-3.9,XLF,0.292,2.063,-2.428
2025-12-31,GDP Release,GDP 0.5% QoQ,0.5,-3.9,XLK,0.229,0.188,-0.063
2025-12-31,GDP Release,GDP 0.5% QoQ,0.5,-3.9,XLV,0.459,2.145,-0.039
2025-12-31,GDP Release,GDP 0.5% QoQ,0.5,-3.9,XLI,1.844,3.256,6.653
2025-12-31,GDP Release,GDP 0.5% QoQ,0.5,-3.9,XLB,1.698,4.741,8.644
2025-12-31,GDP Release,GDP 0.5% QoQ,0.5,-3.9,XLU,1.148,-1.64,1.312
2025-12-31,GDP Release,GDP 0.5% QoQ,0.5,-3.9,XLP,0.013,0.978,7.505
2025-12-31,GDP Release,GDP 0.5% QoQ,0.5,-3.9,XLY,-0.888,2.939,1.474
2025-12-31,GDP Release,GDP 0.5% QoQ,0.5,-3.9,SPY,0.183,1.113,1.474
2025-12-31,Jobs Report,Payrolls -17K,-17.0,-17.0,XLE,2.102,4.115,14.18
2025-12-31,Jobs Report,Payrolls -17K,-17.0,-17.0,XLF,0.292,2.063,-2.428
2025-12-31,Jobs Report,Payrolls -17K,-17.0,-17.0,XLK,0.229,0.188,-0.063
2025-12-31,Jobs Report,Payrolls -17K,-17.0,-17.0,XLV,0.459,2.145,-0.039
2025-12-31,Jobs Report,Payrolls -17K,-17.0,-17.0,XLI,1.844,3.256,6.653
2025-12-31,Jobs Report,Payrolls -17K,-17.0,-17.0,XLB,1.698,4.741,8.644
2025-12-31,Jobs Report,Payrolls -17K,-17.0,-17.0,XLU,1.148,-1.64,1.312
2025-12-31,Jobs Report,Payrolls -17K,-17.0,-17.0,XLP,0.013,0.978,7.505
2025-12-31,Jobs Report,Payrolls -17K,-17.0,-17.0,XLY,-0.888,2.939,1.474
2025-12-31,Jobs Report,Payrolls -17K,-17.0,-17.0,SPY,0.183,1.113,1.474
2026-01-31,Jobs Report,Payrolls +160K,160.0,160.0,XLE,3.237,7.173,12.927
2026-01-31,Jobs Report,Payrolls +160K,160.0,160.0,XLF,-0.925,-0.167,-5.219
2026-01-31,Jobs Report,Payrolls +160K,160.0,160.0,XLK,-2.189,-1.315,-5.342
2026-01-31,Jobs Report,Payrolls +160K,160.0,160.0,XLV,-1.021,0.405,0.674
2026-01-31,Jobs Report,Payrolls +160K,160.0,160.0,XLI,0.842,3.683,4.722
2026-01-31,Jobs Report,Payrolls +160K,160.0,160.0,XLB,2.115,5.096,4.612
2026-01-31,Jobs Report,Payrolls +160K,160.0,160.0,XLU,1.455,2.018,10.441
2026-01-31,Jobs Report,Payrolls +160K,160.0,160.0,XLP,1.621,3.467,3.834
2026-01-31,Jobs Report,Payrolls +160K,160.0,160.0,XLY,-0.803,-3.624,-6.239
2026-01-31,Jobs Report,Payrolls +160K,160.0,160.0,SPY,-0.846,-0.21,-2.168
2026-01-31,CPI Release,CPI 2.4% YoY,2.39,0.171,XLE,3.237,7.173,12.927
2026-01-31,CPI Release,CPI 2.4% YoY,2.39,0.171,XLF,-0.925,-0.167,-5.219
2026-01-31,CPI Release,CPI 2.4% YoY,2.39,0.171,XLK,-2.189,-1.315,-5.342
2026-01-31,CPI Release,CPI 2.4% YoY,2.39,0.171,XLV,-1.021,0.405,0.674
2026-01-31,CPI Release,CPI 2.4% YoY,2.39,0.171,XLI,0.842,3.683,4.722
2026-01-31,CPI Release,CPI 2.4% YoY,2.39,0.171,XLB,2.115,5.096,4.612
2026-01-31,CPI Release,CPI 2.4% YoY,2.39,0.171,XLU,1.455,2.018,10.441
2026-01-31,CPI Release,CPI 2.4% YoY,2.39,0.171,XLP,1.621,3.467,3.834
2026-01-31,CPI Release,CPI 2.4% YoY,2.39,0.171,XLY,-0.803,-3.624,-6.239
2026-01-31,CPI Release,CPI 2.4% YoY,2.39,0.171,SPY,-0.846,-0.21,-2.168
2026-02-28,Jobs Report,Payrolls -133K,-133.0,-133.0,XLE,-0.912,-1.262,9.335
2026-02-28,Jobs Report,Payrolls -133K,-133.0,-133.0,XLF,-0.175,-1.891,-5.246
2026-02-28,Jobs Report,Payrolls -133K,-133.0,-133.0,XLK,-1.462,0.158,-8.515
2026-02-28,Jobs Report,Payrolls -133K,-133.0,-133.0,XLV,-1.129,-2.693,-8.906
2026-02-28,Jobs Report,Payrolls -133K,-133.0,-133.0,XLI,-1.934,-4.449,-12.213
2026-02-28,Jobs Report,Payrolls -133K,-133.0,-133.0,XLB,-2.46,-6.122,-7.402
2026-02-28,Jobs Report,Payrolls -133K,-133.0,-133.0,XLU,-0.633,-1.098,-2.383
2026-02-28,Jobs Report,Payrolls -133K,-133.0,-133.0,XLP,-1.093,-3.089,-7.18
2026-02-28,Jobs Report,Payrolls -133K,-133.0,-133.0,XLY,-0.918,-0.719,-8.272
2026-02-28,Jobs Report,Payrolls -133K,-133.0,-133.0,SPY,-0.881,-1.182,-7.676
2026-02-28,CPI Release,CPI 2.4% YoY,2.43,0.267,XLE,-0.912,-1.262,9.335
2026-02-28,CPI Release,CPI 2.4% YoY,2.43,0.267,XLF,-0.175,-1.891,-5.246
2026-02-28,CPI Release,CPI 2.4% YoY,2.43,0.267,XLK,-1.462,0.158,-8.515
2026-02-28,CPI Release,CPI 2.4% YoY,2.43,0.267,XLV,-1.129,-2.693,-8.906
2026-02-28,CPI Release,CPI 2.4% YoY,2.43,0.267,XLI,-1.934,-4.449,-12.213
2026-02-28,CPI Release,CPI 2.4% YoY,2.43,0.267,XLB,-2.46,-6.122,-7.402
2026-02-28,CPI Release,CPI 2.4% YoY,2.43,0.267,XLU,-0.633,-1.098,-2.383
2026-02-28,CPI Release,CPI 2.4% YoY,2.43,0.267,XLP,-1.093,-3.089,-7.18
2026-02-28,CPI Release,CPI 2.4% YoY,2.43,0.267,XLY,-0.918,-0.719,-8.272
2026-02-28,CPI Release,CPI 2.4% YoY,2.43,0.267,SPY,-0.881,-1.182,-7.676
2026-03-31,GDP Release,GDP 0.5% QoQ,0.5,0.0,XLE,-3.738,-5.24,
2026-03-31,GDP Release,GDP 0.5% QoQ,0.5,0.0,XLF,0.142,3.707,
2026-03-31,GDP Release,GDP 0.5% QoQ,0.5,0.0,XLK,1.512,6.614,
2026-03-31,GDP Release,GDP 0.5% QoQ,0.5,0.0,XLV,0.764,2.087,
2026-03-31,GDP Release,GDP 0.5% QoQ,0.5,0.0,XLI,1.669,5.386,
2026-03-31,GDP Release,GDP 0.5% QoQ,0.5,0.0,XLB,0.981,3.562,
2026-03-31,GDP Release,GDP 0.5% QoQ,0.5,0.0,XLU,0.479,1.939,
2026-03-31,GDP Release,GDP 0.5% QoQ,0.5,0.0,XLP,-0.634,0.976,
2026-03-31,GDP Release,GDP 0.5% QoQ,0.5,0.0,XLY,0.752,1.688,
2026-03-31,GDP Release,GDP 0.5% QoQ,0.5,0.0,SPY,0.753,3.947,
2026-03-31,Jobs Report,Payrolls +178K,178.0,178.0,XLE,-3.738,-5.24,
2026-03-31,Jobs Report,Payrolls +178K,178.0,178.0,XLF,0.142,3.707,
2026-03-31,Jobs Report,Payrolls +178K,178.0,178.0,XLK,1.512,6.614,
2026-03-31,Jobs Report,Payrolls +178K,178.0,178.0,XLV,0.764,2.087,
2026-03-31,Jobs Report,Payrolls +178K,178.0,178.0,XLI,1.669,5.386,
2026-03-31,Jobs Report,Payrolls +178K,178.0,178.0,XLB,0.981,3.562,
2026-03-31,Jobs Report,Payrolls +178K,178.0,178.0,XLU,0.479,1.939,
2026-03-31,Jobs Report,Payrolls +178K,178.0,178.0,XLP,-0.634,0.976,
2026-03-31,Jobs Report,Payrolls +178K,178.0,178.0,XLY,0.752,1.688,
2026-03-31,Jobs Report,Payrolls +178K,178.0,178.0,SPY,0.753,3.947,
2026-03-31,CPI Release,CPI 3.3% YoY,3.29,0.865,XLE,-3.738,-5.24,
2026-03-31,CPI Release,CPI 3.3% YoY,3.29,0.865,XLF,0.142,3.707,
2026-03-31,CPI Release,CPI 3.3% YoY,3.29,0.865,XLK,1.512,6.614,
2026-03-31,CPI Release,CPI 3.3% YoY,3.29,0.865,XLV,0.764,2.087,
2026-03-31,CPI Release,CPI 3.3% YoY,3.29,0.865,XLI,1.669,5.386,
2026-03-31,CPI Release,CPI 3.3% YoY,3.29,0.865,XLB,0.981,3.562,
2026-03-31,CPI Release,CPI 3.3% YoY,3.29,0.865,XLU,0.479,1.939,
2026-03-31,CPI Release,CPI 3.3% YoY,3.29,0.865,XLP,-0.634,0.976,
2026-03-31,CPI Release,CPI 3.3% YoY,3.29,0.865,XLY,0.752,1.688,
2026-03-31,CPI Release,CPI 3.3% YoY,3.29,0.865,SPY,0.753,3.947,
